sample_id,doc_type,label,forgery_type,ocr_confidence,ela_score,copy_move_score,noise_anomaly,text_inconsistency
CERTIFICATE-000_none,certificate,0,none,84.5000,1.0000,0.0000,0.2630,0.1023
CERTIFICATE-000_whiteout,certificate,1,whiteout,86.6988,1.0000,0.0000,0.2950,0.0482
CERTIFICATE-000_copy_move,certificate,1,copy_move,84.7727,1.0000,0.0000,0.2630,0.1023
CERTIFICATE-000_text_replace,certificate,1,text_replace,84.5227,1.0000,0.0000,0.2630,0.1023
CERTIFICATE-001_none,certificate,0,none,86.0345,1.0000,0.0000,0.2860,0.0575
CERTIFICATE-001_whiteout,certificate,1,whiteout,86.4167,1.0000,0.0000,0.3010,0.0476
CERTIFICATE-001_copy_move,certificate,1,copy_move,86.0115,1.0000,0.0000,0.2860,0.1034
CERTIFICATE-001_text_replace,certificate,1,text_replace,86.0690,1.0000,0.0000,0.2860,0.0575
CERTIFICATE-002_none,certificate,0,none,82.7126,1.0000,0.0000,0.2760,0.1264
CERTIFICATE-002_whiteout,certificate,1,whiteout,82.4706,1.0000,0.0000,0.2840,0.1294
CERTIFICATE-002_copy_move,certificate,1,copy_move,82.9770,1.0000,0.0000,0.2760,0.1379
CERTIFICATE-002_text_replace,certificate,1,text_replace,82.7126,1.0000,0.0000,0.2760,0.1264
CERTIFICATE-003_none,certificate,0,none,87.0543,1.0000,0.0000,0.2550,0.0761
CERTIFICATE-003_whiteout,certificate,1,whiteout,87.3444,1.0000,0.0000,0.2570,0.0889
CERTIFICATE-003_copy_move,certificate,1,copy_move,87.1630,1.0000,0.0000,0.2550,0.0761
CERTIFICATE-003_text_replace,certificate,1,text_replace,87.1222,1.0000,0.0000,0.2560,0.0778
CERTIFICATE-004_none,certificate,0,none,86.1236,1.0000,0.0000,0.2800,0.0787
CERTIFICATE-004_whiteout,certificate,1,whiteout,85.8966,1.0000,0.0000,0.3100,0.0690
CERTIFICATE-004_copy_move,certificate,1,copy_move,86.1011,1.0000,0.0000,0.2800,0.1236
CERTIFICATE-004_text_replace,certificate,1,text_replace,86.1348,1.0000,0.0000,0.2800,0.0787
CERTIFICATE-005_none,certificate,0,none,80.4835,1.0000,0.0000,0.2760,0.1538
CERTIFICATE-005_whiteout,certificate,1,whiteout,80.2472,1.0000,0.0000,0.2840,0.1573
CERTIFICATE-005_copy_move,certificate,1,copy_move,80.7363,1.0000,0.0000,0.2760,0.1648
CERTIFICATE-005_text_replace,certificate,1,text_replace,80.4835,1.0000,0.0000,0.2800,0.1648
CERTIFICATE-006_none,certificate,0,none,86.8023,1.0000,0.0000,0.2890,0.0581
CERTIFICATE-006_whiteout,certificate,1,whiteout,86.6860,1.0000,0.0000,0.2960,0.0465
CERTIFICATE-006_copy_move,certificate,1,copy_move,87.0814,1.0000,0.0000,0.2890,0.0581
CERTIFICATE-006_text_replace,certificate,1,text_replace,86.8140,1.0000,0.0000,0.2890,0.0581
CERTIFICATE-007_none,certificate,0,none,87.0562,1.0000,0.0000,0.2680,0.0562
CERTIFICATE-007_whiteout,certificate,1,whiteout,86.8876,1.0000,0.0000,0.2700,0.0562
CERTIFICATE-007_copy_move,certificate,1,copy_move,87.0337,1.0000,0.0000,0.2690,0.1011
CERTIFICATE-007_text_replace,certificate,1,text_replace,87.0562,1.0000,0.0000,0.2690,0.0562
CERTIFICATE-008_none,certificate,0,none,85.2247,1.0000,0.0000,0.2940,0.0787
CERTIFICATE-008_whiteout,certificate,1,whiteout,85.3146,1.0000,0.0000,0.2960,0.0899
CERTIFICATE-008_copy_move,certificate,1,copy_move,85.2022,1.0000,0.0000,0.2940,0.1236
CERTIFICATE-008_text_replace,certificate,1,text_replace,85.2135,1.0000,0.0000,0.2930,0.0787
CERTIFICATE-009_none,certificate,0,none,84.0674,1.0000,0.0000,0.2850,0.1124
CERTIFICATE-009_whiteout,certificate,1,whiteout,83.8391,1.0000,0.0000,0.2940,0.1149
CERTIFICATE-009_copy_move,certificate,1,copy_move,84.3258,1.0000,0.0000,0.2850,0.1236
CERTIFICATE-009_text_replace,certificate,1,text_replace,84.0449,1.0000,0.0000,0.2850,0.1124
CERTIFICATE-010_none,certificate,0,none,85.9647,1.0000,0.0000,0.2780,0.0588
CERTIFICATE-010_whiteout,certificate,1,whiteout,85.3529,1.0000,0.0000,0.2790,0.0588
CERTIFICATE-010_copy_move,certificate,1,copy_move,85.9412,1.0000,0.0000,0.2780,0.1059
CERTIFICATE-010_text_replace,certificate,1,text_replace,85.9765,1.0000,0.0000,0.2780,0.0588
CERTIFICATE-011_none,certificate,0,none,84.3953,1.0000,0.0000,0.2760,0.0698
CERTIFICATE-011_whiteout,certificate,1,whiteout,84.1512,1.0000,0.0000,0.2830,0.0581
CERTIFICATE-011_copy_move,certificate,1,copy_move,84.3721,1.0000,0.0000,0.2760,0.1163
CERTIFICATE-011_text_replace,certificate,1,text_replace,84.4070,1.0000,0.0000,0.2760,0.0698
CERTIFICATE-012_none,certificate,0,none,86.1648,1.0000,0.0000,0.2640,0.0659
CERTIFICATE-012_whiteout,certificate,1,whiteout,85.4066,1.0000,0.0000,0.2650,0.0659
CERTIFICATE-012_copy_move,certificate,1,copy_move,86.4505,1.0000,0.0000,0.2640,0.0659
CERTIFICATE-012_text_replace,certificate,1,text_replace,86.1648,1.0000,0.0000,0.2640,0.0659
CERTIFICATE-013_none,certificate,0,none,85.9647,1.0000,0.0000,0.2830,0.0824
CERTIFICATE-013_whiteout,certificate,1,whiteout,86.3929,1.0000,0.0000,0.2990,0.0833
CERTIFICATE-013_copy_move,certificate,1,copy_move,86.2471,1.0000,0.0000,0.2840,0.0824
CERTIFICATE-013_text_replace,certificate,1,text_replace,85.9765,1.0000,0.0000,0.2830,0.0824
CERTIFICATE-014_none,certificate,0,none,84.3444,1.0000,0.0000,0.2780,0.1000
CERTIFICATE-014_whiteout,certificate,1,whiteout,84.3444,1.0000,0.0000,0.2840,0.1000
CERTIFICATE-014_copy_move,certificate,1,copy_move,84.4444,1.0000,0.0000,0.2790,0.1111
CERTIFICATE-014_text_replace,certificate,1,text_replace,84.3889,1.0000,0.0000,0.2780,0.1000
CERTIFICATE-015_none,certificate,0,none,86.3977,1.0000,0.0000,0.2640,0.0568
CERTIFICATE-015_whiteout,certificate,1,whiteout,86.4205,1.0000,0.0000,0.2650,0.0568
CERTIFICATE-015_copy_move,certificate,1,copy_move,86.6932,1.0000,0.0000,0.2650,0.0568
CERTIFICATE-015_text_replace,certificate,1,text_replace,86.3977,1.0000,0.0000,0.2650,0.0568
CERTIFICATE-016_none,certificate,0,none,87.2472,1.0000,0.0000,0.2700,0.0674
CERTIFICATE-016_whiteout,certificate,1,whiteout,87.7011,1.0000,0.0000,0.2730,0.0575
CERTIFICATE-016_copy_move,certificate,1,copy_move,87.5169,1.0000,0.0000,0.2700,0.0674
CERTIFICATE-016_text_replace,certificate,1,text_replace,87.2584,1.0000,0.0000,0.2700,0.0674
CERTIFICATE-017_none,certificate,0,none,87.9231,1.0000,0.0000,0.2580,0.0659
CERTIFICATE-017_whiteout,certificate,1,whiteout,88.7356,1.0000,0.0000,0.2600,0.0690
CERTIFICATE-017_copy_move,certificate,1,copy_move,88.1868,1.0000,0.0000,0.2580,0.0659
CERTIFICATE-017_text_replace,certificate,1,text_replace,87.9231,1.0000,0.0000,0.2580,0.0659
CERTIFICATE-018_none,certificate,0,none,86.3596,1.0000,0.0000,0.2570,0.0449
CERTIFICATE-018_whiteout,certificate,1,whiteout,86.3596,1.0000,0.0000,0.2610,0.0449
CERTIFICATE-018_copy_move,certificate,1,copy_move,86.6517,1.0000,0.0000,0.2570,0.0449
CERTIFICATE-018_text_replace,certificate,1,text_replace,86.3596,1.0000,0.0000,0.2570,0.0449
CERTIFICATE-019_none,certificate,0,none,86.4045,1.0000,0.0000,0.2650,0.0449
CERTIFICATE-019_whiteout,certificate,1,whiteout,86.8333,1.0000,0.0000,0.2800,0.0476
CERTIFICATE-019_copy_move,certificate,1,copy_move,86.6966,1.0000,0.0000,0.2650,0.0449
CERTIFICATE-019_text_replace,certificate,1,text_replace,86.4045,1.0000,0.0000,0.2650,0.0449
INVOICE-000_none,invoice,0,none,86.8049,1.0000,0.0000,0.6620,0.0610
INVOICE-000_whiteout,invoice,1,whiteout,86.8333,1.0000,0.0000,0.6880,0.0641
INVOICE-000_copy_move,invoice,1,copy_move,86.8049,1.0000,0.0000,0.6530,0.0610
INVOICE-000_text_replace,invoice,1,text_replace,87.2048,1.0000,0.0000,0.6670,0.0723
INVOICE-001_none,invoice,0,none,87.2963,1.0000,0.0000,0.6270,0.0741
INVOICE-001_whiteout,invoice,1,whiteout,89.4156,1.0000,0.0000,0.5950,0.0519
INVOICE-001_copy_move,invoice,1,copy_move,87.2963,1.0000,0.0000,0.6180,0.0741
INVOICE-001_text_replace,invoice,1,text_replace,87.2963,1.0000,0.0000,0.6270,0.0741
INVOICE-002_none,invoice,0,none,87.8625,1.0000,0.0000,0.6550,0.0625
INVOICE-002_whiteout,invoice,1,whiteout,87.8590,1.0000,0.0000,0.6820,0.0641
INVOICE-002_copy_move,invoice,1,copy_move,87.8625,1.0000,0.0000,0.6450,0.0625
INVOICE-002_text_replace,invoice,1,text_replace,87.8625,1.0000,0.0000,0.6550,0.0625
INVOICE-003_none,invoice,0,none,92.3514,1.0000,0.0000,0.6310,0.0270
INVOICE-003_whiteout,invoice,1,whiteout,92.0278,1.0000,0.0000,0.5920,0.0278
INVOICE-003_copy_move,invoice,1,copy_move,92.3514,1.0000,0.0000,0.6220,0.0270
INVOICE-003_text_replace,invoice,1,text_replace,92.3514,1.0000,0.0000,0.6320,0.0270
INVOICE-004_none,invoice,0,none,91.6500,1.0000,0.0000,0.6200,0.0375
INVOICE-004_whiteout,invoice,1,whiteout,91.5000,1.0000,0.0000,0.5860,0.0385
INVOICE-004_copy_move,invoice,1,copy_move,91.6500,1.0000,0.0000,0.6100,0.0375
INVOICE-004_text_replace,invoice,1,text_replace,91.6500,1.0000,0.0000,0.6200,0.0375
INVOICE-005_none,invoice,0,none,91.2911,1.0000,0.0000,0.6040,0.0253
INVOICE-005_whiteout,invoice,1,whiteout,92.3200,1.0000,0.0000,0.6320,0.0267
INVOICE-005_copy_move,invoice,1,copy_move,91.2911,1.0000,0.0000,0.5940,0.0253
INVOICE-005_text_replace,invoice,1,text_replace,91.2911,1.0000,0.0000,0.6030,0.0253
INVOICE-006_none,invoice,0,none,93.8481,1.0000,0.0000,0.6670,0.0000
INVOICE-006_whiteout,invoice,1,whiteout,94.4189,1.0000,0.0000,0.6790,0.0000
INVOICE-006_copy_move,invoice,1,copy_move,93.8481,1.0000,0.0000,0.6570,0.0000
INVOICE-006_text_replace,invoice,1,text_replace,93.8481,1.0000,0.0000,0.6670,0.0000
INVOICE-007_none,invoice,0,none,90.0500,1.0000,0.0000,0.6020,0.0375
INVOICE-007_whiteout,invoice,1,whiteout,89.5926,1.0000,0.0000,0.6110,0.0370
INVOICE-007_copy_move,invoice,1,copy_move,90.0500,1.0000,0.0000,0.5920,0.0375
INVOICE-007_text_replace,invoice,1,text_replace,90.0375,1.0000,0.0000,0.6020,0.0375
INVOICE-008_none,invoice,0,none,92.1579,1.0000,0.0000,0.6230,0.0263
INVOICE-008_whiteout,invoice,1,whiteout,91.7733,1.0000,0.0000,0.6340,0.0267
INVOICE-008_copy_move,invoice,1,copy_move,92.1579,1.0000,0.0000,0.6140,0.0263
INVOICE-008_text_replace,invoice,1,text_replace,92.1711,1.0000,0.0000,0.6230,0.0263
INVOICE-009_none,invoice,0,none,90.3457,1.0000,0.0000,0.6410,0.0370
INVOICE-009_whiteout,invoice,1,whiteout,90.6364,1.0000,0.0000,0.6720,0.0390
INVOICE-009_copy_move,invoice,1,copy_move,90.3457,1.0000,0.0000,0.6310,0.0370
INVOICE-009_text_replace,invoice,1,text_replace,90.1899,1.0000,0.0000,0.6100,0.0380
INVOICE-010_none,invoice,0,none,87.9294,1.0000,0.0000,0.6140,0.0706
INVOICE-010_whiteout,invoice,1,whiteout,87.7711,1.0000,0.0000,0.5820,0.0723
INVOICE-010_copy_move,invoice,1,copy_move,87.9294,1.0000,0.0000,0.6050,0.0706
INVOICE-010_text_replace,invoice,1,text_replace,87.9294,1.0000,0.0000,0.6140,0.0706
INVOICE-011_none,invoice,0,none,91.2436,1.0000,0.0000,0.6660,0.0513
INVOICE-011_whiteout,invoice,1,whiteout,91.6712,1.0000,0.0000,0.6780,0.0548
INVOICE-011_copy_move,invoice,1,copy_move,91.2436,1.0000,0.0000,0.6560,0.0513
INVOICE-011_text_replace,invoice,1,text_replace,91.0921,1.0000,0.0000,0.6350,0.0526
INVOICE-012_none,invoice,0,none,92.5385,1.0000,0.0000,0.6580,0.0385
INVOICE-012_whiteout,invoice,1,whiteout,91.5200,1.0000,0.0000,0.5780,0.0400
INVOICE-012_copy_move,invoice,1,copy_move,92.5385,1.0000,0.0000,0.6490,0.0385
INVOICE-012_text_replace,invoice,1,text_replace,92.5385,1.0000,0.0000,0.6570,0.0385
INVOICE-013_none,invoice,0,none,85.9872,1.0000,0.0000,0.6290,0.0513
INVOICE-013_whiteout,invoice,1,whiteout,85.6579,1.0000,0.0000,0.5920,0.0526
INVOICE-013_copy_move,invoice,1,copy_move,85.9872,1.0000,0.0000,0.6200,0.0513
INVOICE-013_text_replace,invoice,1,text_replace,85.7105,1.0000,0.0000,0.5950,0.0526
INVOICE-014_none,invoice,0,none,94.8169,1.0000,0.0000,0.6410,0.0000
INVOICE-014_whiteout,invoice,1,whiteout,93.5139,1.0000,0.0000,0.6520,0.0000
INVOICE-014_copy_move,invoice,1,copy_move,94.8169,1.0000,0.0000,0.6310,0.0000
INVOICE-014_text_replace,invoice,1,text_replace,94.1250,1.0000,0.0000,0.6490,0.0000
INVOICE-015_none,invoice,0,none,91.2530,1.0000,0.0000,0.6390,0.0361
INVOICE-015_whiteout,invoice,1,whiteout,91.0988,1.0000,0.0000,0.6060,0.0370
INVOICE-015_copy_move,invoice,1,copy_move,91.2530,1.0000,0.0000,0.6300,0.0361
INVOICE-015_text_replace,invoice,1,text_replace,91.2530,1.0000,0.0000,0.6400,0.0361
INVOICE-016_none,invoice,0,none,91.7333,1.0000,0.0000,0.6250,0.0400
INVOICE-016_whiteout,invoice,1,whiteout,90.8442,1.0000,0.0000,0.6350,0.0390
INVOICE-016_copy_move,invoice,1,copy_move,91.6667,1.0000,0.0000,0.6150,0.0400
INVOICE-016_text_replace,invoice,1,text_replace,91.7467,1.0000,0.0000,0.6250,0.0400
INVOICE-017_none,invoice,0,none,93.3562,1.0000,0.0000,0.6500,0.0000
INVOICE-017_whiteout,invoice,1,whiteout,93.4648,1.0000,0.0000,0.6780,0.0000
INVOICE-017_copy_move,invoice,1,copy_move,93.3562,1.0000,0.0000,0.6400,0.0000
INVOICE-017_text_replace,invoice,1,text_replace,93.3562,1.0000,0.0000,0.6500,0.0000
INVOICE-018_none,invoice,0,none,91.8750,1.0000,0.0000,0.6490,0.0000
INVOICE-018_whiteout,invoice,1,whiteout,92.1447,1.0000,0.0000,0.6810,0.0000
INVOICE-018_copy_move,invoice,1,copy_move,91.8750,1.0000,0.0000,0.6390,0.0000
INVOICE-018_text_replace,invoice,1,text_replace,91.8875,1.0000,0.0000,0.6480,0.0000
INVOICE-019_none,invoice,0,none,91.1125,1.0000,0.0000,0.5970,0.0250
INVOICE-019_whiteout,invoice,1,whiteout,92.9178,1.0000,0.0000,0.6250,0.0274
INVOICE-019_copy_move,invoice,1,copy_move,92.2785,1.0000,0.0000,0.5870,0.0253
INVOICE-019_text_replace,invoice,1,text_replace,89.8765,1.0000,0.0000,0.6040,0.0247
MARKSHEET-000_none,marksheet,0,none,85.1519,1.0000,0.0000,0.3710,0.1139
MARKSHEET-000_whiteout,marksheet,1,whiteout,86.4286,1.0000,0.0000,0.3940,0.1169
MARKSHEET-000_copy_move,marksheet,1,copy_move,86.3636,1.0000,0.0000,0.3700,0.0260
MARKSHEET-000_text_replace,marksheet,1,text_replace,84.9494,1.0000,0.0000,0.3660,0.1139
MARKSHEET-001_none,marksheet,0,none,83.9012,1.0000,0.0000,0.3480,0.1235
MARKSHEET-001_whiteout,marksheet,1,whiteout,83.9506,1.0000,0.0000,0.3420,0.1235
MARKSHEET-001_copy_move,marksheet,1,copy_move,85.4487,1.0000,0.0000,0.3470,0.0256
MARKSHEET-001_text_replace,marksheet,1,text_replace,83.8519,1.0000,0.0000,0.3480,0.1235
MARKSHEET-002_none,marksheet,0,none,82.6667,1.0000,0.0000,0.3270,0.1235
MARKSHEET-002_whiteout,marksheet,1,whiteout,82.0241,1.0000,0.0000,0.3340,0.1205
MARKSHEET-002_copy_move,marksheet,1,copy_move,84.7821,1.0000,0.0000,0.3260,0.0256
MARKSHEET-002_text_replace,marksheet,1,text_replace,82.7284,1.0000,0.0000,0.3260,0.1235
MARKSHEET-003_none,marksheet,0,none,83.8734,1.0000,0.0000,0.3440,0.0886
MARKSHEET-003_whiteout,marksheet,1,whiteout,83.1299,1.0000,0.0000,0.3140,0.0909
MARKSHEET-003_copy_move,marksheet,1,copy_move,84.8590,1.0000,0.0000,0.3440,0.0256
MARKSHEET-003_text_replace,marksheet,1,text_replace,82.8987,1.0000,0.0000,0.3420,0.1139
MARKSHEET-004_none,marksheet,0,none,83.5349,1.0000,0.0000,0.3270,0.0581
MARKSHEET-004_whiteout,marksheet,1,whiteout,85.6163,1.0000,0.0000,0.3340,0.0581
MARKSHEET-004_copy_move,marksheet,1,copy_move,84.9759,1.0000,0.0000,0.3260,0.0241
MARKSHEET-004_text_replace,marksheet,1,text_replace,83.5116,1.0000,0.0000,0.3270,0.0581
MARKSHEET-005_none,marksheet,0,none,80.8293,1.0000,0.0000,0.3020,0.1220
MARKSHEET-005_whiteout,marksheet,1,whiteout,82.6951,1.0000,0.0000,0.3050,0.1220
MARKSHEET-005_copy_move,marksheet,1,copy_move,82.8481,1.0000,0.0000,0.3010,0.0253
MARKSHEET-005_text_replace,marksheet,1,text_replace,80.8171,1.0000,0.0000,0.3020,0.1220
MARKSHEET-006_none,marksheet,0,none,84.2824,1.0000,0.0000,0.3070,0.0588
MARKSHEET-006_whiteout,marksheet,1,whiteout,86.2892,1.0000,0.0000,0.3270,0.0602
MARKSHEET-006_copy_move,marksheet,1,copy_move,86.3537,1.0000,0.0000,0.3060,0.0244
MARKSHEET-006_text_replace,marksheet,1,text_replace,83.9412,1.0000,0.0000,0.3090,0.0706
MARKSHEET-007_none,marksheet,0,none,85.1205,1.0000,0.0000,0.3400,0.0964
MARKSHEET-007_whiteout,marksheet,1,whiteout,85.0581,1.0000,0.0000,0.3480,0.0930
MARKSHEET-007_copy_move,marksheet,1,copy_move,86.2716,1.0000,0.0000,0.3390,0.0247
MARKSHEET-007_text_replace,marksheet,1,text_replace,84.4286,1.0000,0.0000,0.3390,0.0952
MARKSHEET-008_none,marksheet,0,none,84.4419,1.0000,0.0000,0.3010,0.0581
MARKSHEET-008_whiteout,marksheet,1,whiteout,84.7209,1.0000,0.0000,0.3030,0.0581
MARKSHEET-008_copy_move,marksheet,1,copy_move,86.4940,1.0000,0.0000,0.3000,0.0241
MARKSHEET-008_text_replace,marksheet,1,text_replace,84.0814,1.0000,0.0000,0.2990,0.0581
MARKSHEET-009_none,marksheet,0,none,83.8395,1.0000,0.0000,0.3270,0.0864
MARKSHEET-009_whiteout,marksheet,1,whiteout,84.7625,1.0000,0.0000,0.3320,0.1250
MARKSHEET-009_copy_move,marksheet,1,copy_move,84.5125,1.0000,0.0000,0.3260,0.0250
MARKSHEET-009_text_replace,marksheet,1,text_replace,83.6049,1.0000,0.0000,0.3270,0.0864
MARKSHEET-010_none,marksheet,0,none,86.3974,1.0000,0.0000,0.3520,0.0897
MARKSHEET-010_whiteout,marksheet,1,whiteout,85.6711,1.0000,0.0000,0.3240,0.0921
MARKSHEET-010_copy_move,marksheet,1,copy_move,87.4286,1.0000,0.0000,0.3510,0.0260
MARKSHEET-010_text_replace,marksheet,1,text_replace,86.4487,1.0000,0.0000,0.3460,0.0897
MARKSHEET-011_none,marksheet,0,none,82.4598,1.0000,0.0000,0.2830,0.0575
MARKSHEET-011_whiteout,marksheet,1,whiteout,84.3452,1.0000,0.0000,0.3000,0.0595
MARKSHEET-011_copy_move,marksheet,1,copy_move,84.9167,1.0000,0.0000,0.2820,0.0238
MARKSHEET-011_text_replace,marksheet,1,text_replace,82.7931,1.0000,0.0000,0.2820,0.0575
MARKSHEET-012_none,marksheet,0,none,84.6250,1.0000,0.0000,0.3500,0.1250
MARKSHEET-012_whiteout,marksheet,1,whiteout,85.3291,1.0000,0.0000,0.3580,0.1266
MARKSHEET-012_copy_move,marksheet,1,copy_move,86.8442,1.0000,0.0000,0.3490,0.0260
MARKSHEET-012_text_replace,marksheet,1,text_replace,83.9250,1.0000,0.0000,0.3450,0.1250
MARKSHEET-013_none,marksheet,0,none,83.0000,1.0000,0.0000,0.3410,0.0575
MARKSHEET-013_whiteout,marksheet,1,whiteout,82.8452,1.0000,0.0000,0.3120,0.0595
MARKSHEET-013_copy_move,marksheet,1,copy_move,85.4762,1.0000,0.0000,0.3410,0.0238
MARKSHEET-013_text_replace,marksheet,1,text_replace,86.9302,1.0000,0.0000,0.3430,0.0233
MARKSHEET-014_none,marksheet,0,none,85.7215,1.0000,0.0000,0.4010,0.0886
MARKSHEET-014_whiteout,marksheet,1,whiteout,82.6667,1.0000,0.0000,0.4110,0.1235
MARKSHEET-014_copy_move,marksheet,1,copy_move,86.3974,1.0000,0.0000,0.4000,0.0256
MARKSHEET-014_text_replace,marksheet,1,text_replace,85.7215,1.0000,0.0000,0.4010,0.0886
MARKSHEET-015_none,marksheet,0,none,83.4000,1.0000,0.0000,0.3350,0.0875
MARKSHEET-015_whiteout,marksheet,1,whiteout,84.3974,1.0000,0.0000,0.3570,0.0897
MARKSHEET-015_copy_move,marksheet,1,copy_move,84.3671,1.0000,0.0000,0.3340,0.0253
MARKSHEET-015_text_replace,marksheet,1,text_replace,83.7250,1.0000,0.0000,0.3340,0.0875
MARKSHEET-016_none,marksheet,0,none,82.4048,1.0000,0.0000,0.3390,0.0595
MARKSHEET-016_whiteout,marksheet,1,whiteout,83.2738,1.0000,0.0000,0.3460,0.0595
MARKSHEET-016_copy_move,marksheet,1,copy_move,84.4321,1.0000,0.0000,0.3380,0.0247
MARKSHEET-016_text_replace,marksheet,1,text_replace,81.9643,1.0000,0.0000,0.3390,0.0595
MARKSHEET-017_none,marksheet,0,none,85.3750,1.0000,0.0000,0.3640,0.0875
MARKSHEET-017_whiteout,marksheet,1,whiteout,84.0380,1.0000,0.0000,0.3860,0.1266
MARKSHEET-017_copy_move,marksheet,1,copy_move,86.0380,1.0000,0.0000,0.3630,0.0253
MARKSHEET-017_text_replace,marksheet,1,text_replace,84.9250,1.0000,0.0000,0.3640,0.0875
MARKSHEET-018_none,marksheet,0,none,84.2442,1.0000,0.0000,0.3370,0.0581
MARKSHEET-018_whiteout,marksheet,1,whiteout,84.0833,1.0000,0.0000,0.3050,0.0595
MARKSHEET-018_copy_move,marksheet,1,copy_move,85.7108,1.0000,0.0000,0.3370,0.0241
MARKSHEET-018_text_replace,marksheet,1,text_replace,83.6860,1.0000,0.0000,0.3410,0.0581
MARKSHEET-019_none,marksheet,0,none,86.7857,1.0000,0.0000,0.2990,0.0238
MARKSHEET-019_whiteout,marksheet,1,whiteout,86.6463,1.0000,0.0000,0.2790,0.0244
MARKSHEET-019_copy_move,marksheet,1,copy_move,87.4337,1.0000,0.0000,0.2980,0.0241
MARKSHEET-019_text_replace,marksheet,1,text_replace,86.7738,1.0000,0.0000,0.2990,0.0238
ID_CARD-000_none,id_card,0,none,85.1091,1.0000,0.0000,0.1470,0.1091
ID_CARD-000_whiteout,id_card,1,whiteout,84.9818,1.0000,0.0000,0.1520,0.1091
ID_CARD-000_copy_move,id_card,1,copy_move,84.7018,1.0000,0.0000,0.1720,0.1404
ID_CARD-000_text_replace,id_card,1,text_replace,85.1455,1.0000,0.0000,0.1560,0.1091
ID_CARD-001_none,id_card,0,none,84.7931,1.0000,0.0000,0.1420,0.1207
ID_CARD-001_whiteout,id_card,1,whiteout,84.4259,1.0000,0.0000,0.1390,0.1296
ID_CARD-001_copy_move,id_card,1,copy_move,87.2456,1.0000,0.0000,0.1660,0.1404
ID_CARD-001_text_replace,id_card,1,text_replace,83.6780,1.0000,0.0000,0.1440,0.1017
ID_CARD-002_none,id_card,0,none,86.5741,1.0000,0.0000,0.1290,0.1852
ID_CARD-002_whiteout,id_card,1,whiteout,85.5818,1.0000,0.0000,0.1440,0.1818
ID_CARD-002_copy_move,id_card,1,copy_move,85.1667,1.0000,0.0000,0.1530,0.1852
ID_CARD-002_text_replace,id_card,1,text_replace,86.5741,1.0000,0.0000,0.1330,0.1852
ID_CARD-003_none,id_card,0,none,82.9016,1.0000,0.0000,0.1240,0.1148
ID_CARD-003_whiteout,id_card,1,whiteout,83.7627,1.0000,0.0000,0.1250,0.1186
ID_CARD-003_copy_move,id_card,1,copy_move,84.5085,1.0000,0.0000,0.1470,0.1525
ID_CARD-003_text_replace,id_card,1,text_replace,83.7288,1.0000,0.0000,0.1340,0.1186
ID_CARD-004_none,id_card,0,none,85.5000,1.0000,0.0000,0.1540,0.1034
ID_CARD-004_whiteout,id_card,1,whiteout,84.8704,1.0000,0.0000,0.1980,0.0926
ID_CARD-004_copy_move,id_card,1,copy_move,86.8793,1.0000,0.0000,0.1790,0.1207
ID_CARD-004_text_replace,id_card,1,text_replace,85.5690,1.0000,0.0000,0.1500,0.1034
ID_CARD-005_none,id_card,0,none,87.0175,1.0000,0.0000,0.1130,0.1228
ID_CARD-005_whiteout,id_card,1,whiteout,87.1228,1.0000,0.0000,0.0760,0.1228
ID_CARD-005_copy_move,id_card,1,copy_move,85.3393,1.0000,0.0000,0.1360,0.1250
ID_CARD-005_text_replace,id_card,1,text_replace,87.0526,1.0000,0.0000,0.1130,0.1228
ID_CARD-006_none,id_card,0,none,88.9455,1.0000,0.0000,0.1430,0.1091
ID_CARD-006_whiteout,id_card,1,whiteout,87.6471,1.0000,0.0000,0.2050,0.0980
ID_CARD-006_copy_move,id_card,1,copy_move,87.1552,1.0000,0.0000,0.1660,0.1552
ID_CARD-006_text_replace,id_card,1,text_replace,88.9455,1.0000,0.0000,0.1400,0.1091
ID_CARD-007_none,id_card,0,none,86.2333,1.0000,0.0000,0.1590,0.1500
ID_CARD-007_whiteout,id_card,1,whiteout,86.2333,1.0000,0.0000,0.1200,0.1500
ID_CARD-007_copy_move,id_card,1,copy_move,87.7143,1.0000,0.0000,0.1840,0.1429
ID_CARD-007_text_replace,id_card,1,text_replace,86.2333,1.0000,0.0000,0.1570,0.1500
ID_CARD-008_none,id_card,0,none,85.8679,1.0000,0.0000,0.1280,0.1321
ID_CARD-008_whiteout,id_card,1,whiteout,85.3000,1.0000,0.0000,0.1560,0.1400
ID_CARD-008_copy_move,id_card,1,copy_move,86.9444,1.0000,0.0000,0.1510,0.1296
ID_CARD-008_text_replace,id_card,1,text_replace,85.8113,1.0000,0.0000,0.1270,0.1321
ID_CARD-009_none,id_card,0,none,85.3833,1.0000,0.0000,0.1200,0.1667
ID_CARD-009_whiteout,id_card,1,whiteout,85.4167,1.0000,0.0000,0.1230,0.1667
ID_CARD-009_copy_move,id_card,1,copy_move,86.6500,1.0000,0.0000,0.1430,0.1667
ID_CARD-009_text_replace,id_card,1,text_replace,85.4167,1.0000,0.0000,0.1200,0.1667
ID_CARD-010_none,id_card,0,none,83.1852,1.0000,0.0000,0.1400,0.1296
ID_CARD-010_whiteout,id_card,1,whiteout,82.4902,1.0000,0.0000,0.1700,0.1373
ID_CARD-010_copy_move,id_card,1,copy_move,83.2264,1.0000,0.0000,0.1640,0.1887
ID_CARD-010_text_replace,id_card,1,text_replace,83.2222,1.0000,0.0000,0.1350,0.1667
ID_CARD-011_none,id_card,0,none,88.5283,1.0000,0.0000,0.1400,0.1132
ID_CARD-011_whiteout,id_card,1,whiteout,88.5283,1.0000,0.0000,0.1440,0.1132
ID_CARD-011_copy_move,id_card,1,copy_move,85.3898,1.0000,0.0000,0.1640,0.1525
ID_CARD-011_text_replace,id_card,1,text_replace,84.1379,1.0000,0.0000,0.1450,0.1379
ID_CARD-012_none,id_card,0,none,84.6780,1.0000,0.0000,0.1420,0.1356
ID_CARD-012_whiteout,id_card,1,whiteout,85.1186,1.0000,0.0000,0.1380,0.1356
ID_CARD-012_copy_move,id_card,1,copy_move,84.7667,1.0000,0.0000,0.1660,0.1500
ID_CARD-012_text_replace,id_card,1,text_replace,84.6102,1.0000,0.0000,0.1400,0.1356
ID_CARD-013_none,id_card,0,none,86.9107,1.0000,0.0000,0.1110,0.0893
ID_CARD-013_whiteout,id_card,1,whiteout,87.0392,1.0000,0.0000,0.1370,0.0980
ID_CARD-013_copy_move,id_card,1,copy_move,86.2203,1.0000,0.0000,0.1330,0.1017
ID_CARD-013_text_replace,id_card,1,text_replace,86.9464,1.0000,0.0000,0.1110,0.0893
ID_CARD-014_none,id_card,0,none,85.3448,1.0000,0.0000,0.1460,0.1379
ID_CARD-014_whiteout,id_card,1,whiteout,85.2931,1.0000,0.0000,0.1600,0.1379
ID_CARD-014_copy_move,id_card,1,copy_move,86.7719,1.0000,0.0000,0.1700,0.1228
ID_CARD-014_text_replace,id_card,1,text_replace,85.2759,1.0000,0.0000,0.1320,0.1379
ID_CARD-015_none,id_card,0,none,87.0526,1.0000,0.0000,0.1270,0.1053
ID_CARD-015_whiteout,id_card,1,whiteout,86.7193,1.0000,0.0000,0.1270,0.1053
ID_CARD-015_copy_move,id_card,1,copy_move,88.2727,1.0000,0.0000,0.1500,0.1273
ID_CARD-015_text_replace,id_card,1,text_replace,87.0526,1.0000,0.0000,0.1290,0.1053
ID_CARD-016_none,id_card,0,none,85.7193,1.0000,0.0000,0.1340,0.1404
ID_CARD-016_whiteout,id_card,1,whiteout,85.5536,1.0000,0.0000,0.1440,0.1429
ID_CARD-016_copy_move,id_card,1,copy_move,84.2203,1.0000,0.0000,0.1570,0.1525
ID_CARD-016_text_replace,id_card,1,text_replace,85.7018,1.0000,0.0000,0.1480,0.1404
ID_CARD-017_none,id_card,0,none,88.0000,1.0000,0.0000,0.1370,0.1176
ID_CARD-017_whiteout,id_card,1,whiteout,86.9149,1.0000,0.0000,0.1530,0.1277
ID_CARD-017_copy_move,id_card,1,copy_move,89.5192,1.0000,0.0000,0.1610,0.1346
ID_CARD-017_text_replace,id_card,1,text_replace,87.1373,1.0000,0.0000,0.1390,0.1176
ID_CARD-018_none,id_card,0,none,85.4483,1.0000,0.0000,0.1130,0.1207
ID_CARD-018_whiteout,id_card,1,whiteout,84.8868,1.0000,0.0000,0.1260,0.1321
ID_CARD-018_copy_move,id_card,1,copy_move,85.1552,1.0000,0.0000,0.1360,0.1552
ID_CARD-018_text_replace,id_card,1,text_replace,88.3750,1.0000,0.0000,0.1150,0.1071
ID_CARD-019_none,id_card,0,none,85.8545,1.0000,0.0000,0.1320,0.1091
ID_CARD-019_whiteout,id_card,1,whiteout,85.8364,1.0000,0.0000,0.1400,0.1091
ID_CARD-019_copy_move,id_card,1,copy_move,83.7627,1.0000,0.0000,0.1550,0.1525
ID_CARD-019_text_replace,id_card,1,text_replace,85.7455,1.0000,0.0000,0.1340,0.1091
